Player Name,Team,Minutes Played,Player Link
Dola Adebayo,MOUNT ST. MARY'S,726,https://www.espn.com/mens-college-basketball/player/_/id/4897976/dola-adebayo
Dallas Hobbs,MOUNT ST. MARY'S,532,https://www.espn.com/mens-college-basketball/player/_/id/5177125/dallas-hobbs
Terrell Ard Jr.,MOUNT ST. MARY'S,482,https://www.espn.com/mens-college-basketball/player/_/id/4703134/terrell-ard-jr
Jedy Cordilia,MOUNT ST. MARY'S,708,https://www.espn.com/mens-college-basketball/player/_/id/4897979/jedy-cordilia
Carmelo Pacheco,MOUNT ST. MARY'S,704,https://www.espn.com/mens-college-basketball/player/_/id/5242634/carmelo-pacheco
Xavier Lipscomb,MOUNT ST. MARY'S,851,https://www.espn.com/mens-college-basketball/player/_/id/4702218/xavier-lipscomb
Arlandus Keyes,MOUNT ST. MARY'S,437,https://www.espn.com/mens-college-basketball/player/_/id/5242635/arlandus-keyes
Javon Ervin,MOUNT ST. MARY'S,369,https://www.espn.com/mens-college-basketball/player/_/id/5242640/javon-ervin
Abdou Khadre Kebe,MOUNT ST. MARY'S,308,https://www.espn.com/mens-college-basketball/player/_/id/5242638/abdou-khadre-kebe
Patrick Haigh,MOUNT ST. MARY'S,54,https://www.espn.com/mens-college-basketball/player/_/id/5177124/patrick-haigh
Jonathan Ogunfuye,MOUNT ST. MARY'S,8,https://www.espn.com/mens-college-basketball/player/_/id/5177123/jonathan-ogunfuye
Trey Wilson,MOUNT ST. MARY'S,65,https://www.espn.com/mens-college-basketball/player/_/id/5242639/trey-wilson
Malcolm Dread,MOUNT ST. MARY'S,55,https://www.espn.com/mens-college-basketball/player/_/id/4710352/malcolm-dread
Jaxon Hartman,MOUNT ST. MARY'S,2,https://www.espn.com/mens-college-basketball/player/_/id/5242636/jaxon-hartman
