Player Name,Team,Minutes Played,Player Link
AC Bryant,ALABAMA A&M,622,https://www.espn.com/mens-college-basketball/player/_/id/5177521/ac-bryant
Chad Moodie,ALABAMA A&M,690,https://www.espn.com/mens-college-basketball/player/_/id/5177526/chad-moodie
Lorenzo Downey,ALABAMA A&M,590,https://www.espn.com/mens-college-basketball/player/_/id/5107456/lorenzo-downey
Darius Ford,ALABAMA A&M,526,https://www.espn.com/mens-college-basketball/player/_/id/4897751/darius-ford
Bilal Abdur-Rahman,ALABAMA A&M,386,https://www.espn.com/mens-college-basketball/player/_/id/5177520/bilal-abdur-rahman
London Riley,ALABAMA A&M,428,https://www.espn.com/mens-college-basketball/player/_/id/4703107/london-riley
Dylan Mclean,ALABAMA A&M,158,https://www.espn.com/mens-college-basketball/player/_/id/5177525/dylan-mclean
EJay Greer,ALABAMA A&M,101,https://www.espn.com/mens-college-basketball/player/_/id/5176154/ejay-greer
Saliou Seye,ALABAMA A&M,388,https://www.espn.com/mens-college-basketball/player/_/id/5176661/saliou-seye
Quincy McGriff,ALABAMA A&M,306,https://www.espn.com/mens-college-basketball/player/_/id/5105886/quincy-mcgriff
Clance Crosby,ALABAMA A&M,242,https://www.espn.com/mens-college-basketball/player/_/id/5177522/clance-crosby
Bol Kuir,ALABAMA A&M,93,https://www.espn.com/mens-college-basketball/player/_/id/5243158/bol-kuir
Angok Anyang,ALABAMA A&M,205,https://www.espn.com/mens-college-basketball/player/_/id/5243157/angok-anyang
Eric Lee,ALABAMA A&M,109,https://www.espn.com/mens-college-basketball/player/_/id/4703109/eric-lee
Warren Yeh,ALABAMA A&M,138,https://www.espn.com/mens-college-basketball/player/_/id/5243156/warren-yeh
Jaylen Colon,ALABAMA A&M,239,https://www.espn.com/mens-college-basketball/player/_/id/5243155/jaylen-colon
Aaron Smith,ALABAMA A&M,225,https://www.espn.com/mens-college-basketball/player/_/id/5177527/aaron-smith
Joshua Hughley,ALABAMA A&M,10,https://www.espn.com/mens-college-basketball/player/_/id/5177523/joshua-hughley
Austin Harvell,ALABAMA A&M,28,https://www.espn.com/mens-college-basketball/player/_/id/4432352/austin-harvell
Ademola Oladipo,ALABAMA A&M,15,https://www.espn.com/mens-college-basketball/player/_/id/5182073/ademola-oladipo
