Player Name,Team,Minutes Played,Player Link
Lamar Wilkerson,SAM HOUSTON,967,https://www.espn.com/mens-college-basketball/player/_/id/5105876/lamar-wilkerson
Cameron Huefner,SAM HOUSTON,793,https://www.espn.com/mens-college-basketball/player/_/id/5105879/cameron-huefner
Marcus Boykin,SAM HOUSTON,627,https://www.espn.com/mens-college-basketball/player/_/id/5176774/marcus-boykin
Dorian Finister,SAM HOUSTON,615,https://www.espn.com/mens-college-basketball/player/_/id/5106265/dorian-finister
Kian Scroggins,SAM HOUSTON,195,https://www.espn.com/mens-college-basketball/player/_/id/4703685/kian-scroggins
Kalifa Sakho,SAM HOUSTON,702,https://www.espn.com/mens-college-basketball/player/_/id/5176274/kalifa-sakho
Josiah Hammons,SAM HOUSTON,578,https://www.espn.com/mens-college-basketball/player/_/id/5176577/josiah-hammons
Brennen Burns,SAM HOUSTON,565,https://www.espn.com/mens-college-basketball/player/_/id/5242605/brennen-burns
Erik Taylor,SAM HOUSTON,258,https://www.espn.com/mens-college-basketball/player/_/id/5242608/erik-taylor
Jaxson Ford,SAM HOUSTON,237,https://www.espn.com/mens-college-basketball/player/_/id/5242606/jaxson-ford
Cheikh Ndiaye,SAM HOUSTON,109,https://www.espn.com/mens-college-basketball/player/_/id/5242610/cheikh-ndiaye
Wade Neyland,SAM HOUSTON,13,https://www.espn.com/mens-college-basketball/player/_/id/5242607/wade-neyland
Jackson Rogers,SAM HOUSTON,15,https://www.espn.com/mens-college-basketball/player/_/id/5242609/jackson-rogers
