Player Name,Team,Minutes Played,Player Link
Sterling Young,FLORIDA A&M,594,https://www.espn.com/mens-college-basketball/player/_/id/5175049/sterling-young
Milton Matthews,FLORIDA A&M,745,https://www.espn.com/mens-college-basketball/player/_/id/4704090/milton-matthews
Jordan Chatman,FLORIDA A&M,543,https://www.espn.com/mens-college-basketball/player/_/id/5107408/jordan-chatman
Shaqir O'Neal,FLORIDA A&M,444,https://www.espn.com/mens-college-basketball/player/_/id/4684156/shaqir-oneal
Kaleb Washington,FLORIDA A&M,370,https://www.espn.com/mens-college-basketball/player/_/id/4684293/kaleb-washington
Tyler Shirley,FLORIDA A&M,88,https://www.espn.com/mens-college-basketball/player/_/id/4897175/tyler-shirley
Roderick Coffee III,FLORIDA A&M,547,https://www.espn.com/mens-college-basketball/player/_/id/5177557/roderick-coffee-iii
Jocobi Hendricks,FLORIDA A&M,234,https://www.espn.com/mens-college-basketball/player/_/id/5243334/jocobi-hendricks
Ja'Derryus Eatmon,FLORIDA A&M,443,https://www.espn.com/mens-college-basketball/player/_/id/5177559/jaderryus-eatmon
Jamine Charles,FLORIDA A&M,395,https://www.espn.com/mens-college-basketball/player/_/id/5243333/jamine-charles
Saiyd Burnside,FLORIDA A&M,192,https://www.espn.com/mens-college-basketball/player/_/id/4899685/saiyd-burnside
Trey Lewis,FLORIDA A&M,209,https://www.espn.com/mens-college-basketball/player/_/id/5243335/trey-lewis
Lenard Taylor Jr.,FLORIDA A&M,84,https://www.espn.com/mens-college-basketball/player/_/id/5243337/lenard-taylor-jr
Miles Hall,FLORIDA A&M,111,https://www.espn.com/mens-college-basketball/player/_/id/5119764/miles-hall
Alex Andrews,FLORIDA A&M,1,https://www.espn.com/mens-college-basketball/player/_/id/4704023/alex-andrews
Malcolm Stute,FLORIDA A&M,1,https://www.espn.com/mens-college-basketball/player/_/id/5243336/malcolm-stute
