Player Name,Team,Minutes Played,Player Link
Matt Hayman,STEPHEN F. AUSTIN,801,https://www.espn.com/mens-college-basketball/player/_/id/5109782/matt-hayman
Keon Thompson,STEPHEN F. AUSTIN,654,https://www.espn.com/mens-college-basketball/player/_/id/5106037/keon-thompson
Chris Johnson,STEPHEN F. AUSTIN,51,https://www.espn.com/mens-college-basketball/player/_/id/5175069/chris-johnson
Nana Antwi-Boasiako,STEPHEN F. AUSTIN,733,https://www.espn.com/mens-college-basketball/player/_/id/4703693/nana-antwi-boasiako
Chrishawn Christmas,STEPHEN F. AUSTIN,879,https://www.espn.com/mens-college-basketball/player/_/id/5177516/chrishawn-christmas
Dominic Pangonis,STEPHEN F. AUSTIN,603,https://www.espn.com/mens-college-basketball/player/_/id/5243109/dominic-pangonis
Myles Jenkins,STEPHEN F. AUSTIN,405,https://www.espn.com/mens-college-basketball/player/_/id/5110630/myles-jenkins
Keith Lamar,STEPHEN F. AUSTIN,420,https://www.espn.com/mens-college-basketball/player/_/id/4585609/keith-lamar
Juhlawnei Stone,STEPHEN F. AUSTIN,539,https://www.espn.com/mens-college-basketball/player/_/id/4702041/juhlawnei-stone
Thierno Sylla,STEPHEN F. AUSTIN,204,https://www.espn.com/mens-college-basketball/player/_/id/5106647/thierno-sylla
Clayton Southwick,STEPHEN F. AUSTIN,225,https://www.espn.com/mens-college-basketball/player/_/id/5177519/clayton-southwick
Keenan Emmanuel,STEPHEN F. AUSTIN,72,https://www.espn.com/mens-college-basketball/player/_/id/5243108/keenan-emmanuel
Ethan Mayes,STEPHEN F. AUSTIN,13,https://www.espn.com/mens-college-basketball/player/_/id/5177514/ethan-mayes
DaeVeon Scott,STEPHEN F. AUSTIN,70,https://www.espn.com/mens-college-basketball/player/_/id/5109783/daeveon-scott
Luke Stansbury,STEPHEN F. AUSTIN,6,https://www.espn.com/mens-college-basketball/player/_/id/5177518/luke-stansbury
