Player Name,Team,Minutes Played,Player Link
Jalyke Gaines-Wyatt,ALCORN STATE,740,https://www.espn.com/mens-college-basketball/player/_/id/5177538/jalyke-gaines-wyatt
Marcus Tankersley,ALCORN STATE,729,https://www.espn.com/mens-college-basketball/player/_/id/5106744/marcus-tankersley
Keionte Cornelius,ALCORN STATE,420,https://www.espn.com/mens-college-basketball/player/_/id/5107384/keionte-cornelius
Djahi Binet,ALCORN STATE,654,https://www.espn.com/mens-college-basketball/player/_/id/5177539/djahi-binet
Omari Hamilton,ALCORN STATE,264,https://www.espn.com/mens-college-basketball/player/_/id/5243190/omari-hamilton
Michael Pajeaud,ALCORN STATE,660,https://www.espn.com/mens-college-basketball/player/_/id/4899682/michael-pajeaud
Davian Williams,ALCORN STATE,538,https://www.espn.com/mens-college-basketball/player/_/id/5243188/davian-williams
Julian Lual,ALCORN STATE,290,https://www.espn.com/mens-college-basketball/player/_/id/5107249/julian-lual
Willie Lightfoot,ALCORN STATE,24,https://www.espn.com/mens-college-basketball/player/_/id/4684617/willie-lightfoot
Daniel Braster,ALCORN STATE,220,https://www.espn.com/mens-college-basketball/player/_/id/5107082/daniel-braster
Tycen McDaniels,ALCORN STATE,153,https://www.espn.com/mens-college-basketball/player/_/id/5243189/tycen-mcdaniels
Antonio Lisenbee,ALCORN STATE,118,https://www.espn.com/mens-college-basketball/player/_/id/5107214/antonio-lisenbee
Kameron Foman,ALCORN STATE,241,https://www.espn.com/mens-college-basketball/player/_/id/5243192/kameron-foman
Del'Jayvien Harried,ALCORN STATE,56,https://www.espn.com/mens-college-basketball/player/_/id/5177543/deljayvien-harried
Josh Mitchell,ALCORN STATE,254,https://www.espn.com/mens-college-basketball/player/_/id/5107645/josh-mitchell
Cameron Butler,ALCORN STATE,58,https://www.espn.com/mens-college-basketball/player/_/id/5107425/cameron-butler
Tyrese Elliott,ALCORN STATE,6,https://www.espn.com/mens-college-basketball/player/_/id/5106712/tyrese-elliott
