Player Name,Team,Minutes Played,Player Link
Sami Pissis,NEW HAMPSHIRE,774,https://www.espn.com/mens-college-basketball/player/_/id/5108915/sami-pissis
Anthony McComb III,NEW HAMPSHIRE,819,https://www.espn.com/mens-college-basketball/player/_/id/5108049/anthony-mccomb-iii
Giancarlo Bastianoni,NEW HAMPSHIRE,87,https://www.espn.com/mens-college-basketball/player/_/id/5239770/giancarlo-bastianoni
Khalil Badru,NEW HAMPSHIRE,622,https://www.espn.com/mens-college-basketball/player/_/id/5239768/khalil-badru
Trey Woodyard,NEW HAMPSHIRE,157,https://www.espn.com/mens-college-basketball/player/_/id/4897489/trey-woodyard
Davide Poser,NEW HAMPSHIRE,837,https://www.espn.com/mens-college-basketball/player/_/id/5175705/davide-poser
Rex Sunderland,NEW HAMPSHIRE,249,https://www.espn.com/mens-college-basketball/player/_/id/5107184/rex-sunderland
Jawarie Hamelin,NEW HAMPSHIRE,561,https://www.espn.com/mens-college-basketball/player/_/id/5239767/jawarie-hamelin
Emmanuel Okpomo,NEW HAMPSHIRE,520,https://www.espn.com/mens-college-basketball/player/_/id/4432517/emmanuel-okpomo
Caleb Middleton,NEW HAMPSHIRE,352,https://www.espn.com/mens-college-basketball/player/_/id/4873194/caleb-middleton
Antoni Siewruk,NEW HAMPSHIRE,257,https://www.espn.com/mens-college-basketball/player/_/id/5239771/antoni-siewruk
Dylan Saunders,NEW HAMPSHIRE,347,https://www.espn.com/mens-college-basketball/player/_/id/5177101/dylan-saunders
Jon O'Neill,NEW HAMPSHIRE,199,https://www.espn.com/mens-college-basketball/player/_/id/5239772/jon-oneill
Nicholas Sanford,NEW HAMPSHIRE,15,https://www.espn.com/mens-college-basketball/player/_/id/5239769/nicholas-sanford
Domenic Malvey,NEW HAMPSHIRE,4,https://www.espn.com/mens-college-basketball/player/_/id/5246523/domenic-malvey
