Player Name,Team,Minutes Played,Player Link
Nick Anderson,PRAIRIE VIEW A&M,378,https://www.espn.com/mens-college-basketball/player/_/id/5243364/nick-anderson
Tanahj Pettway,PRAIRIE VIEW A&M,848,https://www.espn.com/mens-college-basketball/player/_/id/4897992/tanahj-pettway
Braelon Bush,PRAIRIE VIEW A&M,644,https://www.espn.com/mens-college-basketball/player/_/id/4703637/braelon-bush
Jordan Tillmon,PRAIRIE VIEW A&M,656,https://www.espn.com/mens-college-basketball/player/_/id/5107413/jordan-tillmon
Marcel Bryant,PRAIRIE VIEW A&M,639,https://www.espn.com/mens-college-basketball/player/_/id/5177019/marcel-bryant
Chauncey Gibson,PRAIRIE VIEW A&M,122,https://www.espn.com/mens-college-basketball/player/_/id/5105446/chauncey-gibson
Orlando Horton Jr.,PRAIRIE VIEW A&M,479,https://www.espn.com/mens-college-basketball/player/_/id/5177593/orlando-horton-jr
Zaakir Sawyer,PRAIRIE VIEW A&M,339,https://www.espn.com/mens-college-basketball/player/_/id/4702090/zaakir-sawyer
Solomon Oraegbu,PRAIRIE VIEW A&M,33,https://www.espn.com/mens-college-basketball/player/_/id/5243362/solomon-oraegbu
Elijah Terry,PRAIRIE VIEW A&M,470,https://www.espn.com/mens-college-basketball/player/_/id/5243363/elijah-terry
John-Paul Ricks,PRAIRIE VIEW A&M,564,https://www.espn.com/mens-college-basketball/player/_/id/5243360/john-paul-ricks
Nemo Johnson,PRAIRIE VIEW A&M,12,https://www.espn.com/mens-college-basketball/player/_/id/5113549/nemo-johnson
Ryan Bolton Jr.,PRAIRIE VIEW A&M,140,https://www.espn.com/mens-college-basketball/player/_/id/5176729/ryan-bolton-jr
Evan Williams,PRAIRIE VIEW A&M,75,https://www.espn.com/mens-college-basketball/player/_/id/4702968/evan-williams
