Player Name,Team,Minutes Played,Player Link
Ahmad Robinson,MERCER,890,https://www.espn.com/mens-college-basketball/player/_/id/5175704/ahmad-robinson
Tyler Johnson,MERCER,949,https://www.espn.com/mens-college-basketball/player/_/id/5243234/tyler-johnson
Alex Holt,MERCER,773,https://www.espn.com/mens-college-basketball/player/_/id/4702103/alex-holt
Angel Montas Jr.,MERCER,317,https://www.espn.com/mens-college-basketball/player/_/id/5105889/angel-montas-jr
Marcus Overstreet,MERCER,330,https://www.espn.com/mens-college-basketball/player/_/id/5243238/marcus-overstreet
Cam Bryant,MERCER,747,https://www.espn.com/mens-college-basketball/player/_/id/4702115/cam-bryant
Brady Shoulders,MERCER,735,https://www.espn.com/mens-college-basketball/player/_/id/5243236/brady-shoulders
Jah Nze,MERCER,295,https://www.espn.com/mens-college-basketball/player/_/id/5107085/jah-nze
Laurynas Vaistaras,MERCER,287,https://www.espn.com/mens-college-basketball/player/_/id/4702005/laurynas-vaistaras
Jah Quinones,MERCER,382,https://www.espn.com/mens-college-basketball/player/_/id/5108876/jah-quinones
Alex Koch,MERCER,15,https://www.espn.com/mens-college-basketball/player/_/id/5243235/alex-koch
TJ Grant,MERCER,155,https://www.espn.com/mens-college-basketball/player/_/id/5108878/tj-grant
