Player Name,Team,Minutes Played,Player Link
Ryan Cornish,DARTMOUTH,660,https://www.espn.com/mens-college-basketball/player/_/id/4898190/ryan-cornish
Brandon Mitchell-Day,DARTMOUTH,600,https://www.espn.com/mens-college-basketball/player/_/id/5106240/brandon-mitchell-day
Connor Amundsen,DARTMOUTH,751,https://www.espn.com/mens-college-basketball/player/_/id/5152623/connor-amundsen
Cade Haskins,DARTMOUTH,554,https://www.espn.com/mens-college-basketball/player/_/id/4898189/cade-haskins
Jackson Munro,DARTMOUTH,512,https://www.espn.com/mens-college-basketball/player/_/id/5106242/jackson-munro
Jayden Williams,DARTMOUTH,430,https://www.espn.com/mens-college-basketball/player/_/id/5106241/jayden-williams
Romeo Myrthil,DARTMOUTH,716,https://www.espn.com/mens-college-basketball/player/_/id/4898191/romeo-myrthil
Cameron McNamee,DARTMOUTH,223,https://www.espn.com/mens-college-basketball/player/_/id/5241722/cameron-mcnamee
Niko Abusara,DARTMOUTH,31,https://www.espn.com/mens-college-basketball/player/_/id/5175921/niko-abusara
Kareem Thomas,DARTMOUTH,61,https://www.espn.com/mens-college-basketball/player/_/id/5241721/kareem-thomas
Ben Brown,DARTMOUTH,124,https://www.espn.com/mens-college-basketball/player/_/id/5175919/ben-brown
Shanon Simango,DARTMOUTH,43,https://www.espn.com/mens-college-basketball/player/_/id/5241723/shanon-simango
Connor Christensen,DARTMOUTH,121,https://www.espn.com/mens-college-basketball/player/_/id/4898192/connor-christensen
