Player Name,Team,Minutes Played,Player Link
Darryl Simmons II,GARDNER-WEBB,896,https://www.espn.com/mens-college-basketball/player/_/id/5175657/darryl-simmons-ii
Anthony Selden,GARDNER-WEBB,824,https://www.espn.com/mens-college-basketball/player/_/id/4592663/anthony-selden
Jamaine Mann,GARDNER-WEBB,752,https://www.espn.com/mens-college-basketball/player/_/id/4589479/jamaine-mann
Pharrell Boyogueno,GARDNER-WEBB,642,https://www.espn.com/mens-college-basketball/player/_/id/5240416/pharrell-boyogueno
Shahar Lazar,GARDNER-WEBB,427,https://www.espn.com/mens-college-basketball/player/_/id/5108979/shahar-lazar
Isaiah Richards,GARDNER-WEBB,577,https://www.espn.com/mens-college-basketball/player/_/id/4702107/isaiah-richards
Jacob Hudson,GARDNER-WEBB,277,https://www.espn.com/mens-college-basketball/player/_/id/5240417/jacob-hudson
Ademide Badmus,GARDNER-WEBB,475,https://www.espn.com/mens-college-basketball/player/_/id/4897628/ademide-badmus
Brendan Mykalcio,GARDNER-WEBB,224,https://www.espn.com/mens-college-basketball/player/_/id/4897627/brendan-mykalcio
Colin Hawkins,GARDNER-WEBB,239,https://www.espn.com/mens-college-basketball/player/_/id/5240419/colin-hawkins
Taku Youngblood,GARDNER-WEBB,46,https://www.espn.com/mens-college-basketball/player/_/id/5108021/taku-youngblood
Race Herr,GARDNER-WEBB,16,https://www.espn.com/mens-college-basketball/player/_/id/5175656/race-herr
Deshawn Goodwyn,GARDNER-WEBB,3,https://www.espn.com/mens-college-basketball/player/_/id/5105661/deshawn-goodwyn
Paul Lindberg,GARDNER-WEBB,3,https://www.espn.com/mens-college-basketball/player/_/id/5175658/paul-lindberg
