Player Name,Team,Minutes Played,Player Link
Peter Suder,MIAMI (OH),818,https://www.espn.com/mens-college-basketball/player/_/id/5106674/peter-suder
Kam Craft,MIAMI (OH),691,https://www.espn.com/mens-college-basketball/player/_/id/5105607/kam-craft
Eian Elmer,MIAMI (OH),718,https://www.espn.com/mens-college-basketball/player/_/id/5093252/eian-elmer
Brant Byers,MIAMI (OH),474,https://www.espn.com/mens-college-basketball/player/_/id/5243053/brant-byers
Antwone Woolfolk,MIAMI (OH),592,https://www.espn.com/mens-college-basketball/player/_/id/5105859/antwone-woolfolk
Evan Ipsaro,MIAMI (OH),544,https://www.espn.com/mens-college-basketball/player/_/id/5176212/evan-ipsaro
Mekhi Cooper,MIAMI (OH),651,https://www.espn.com/mens-college-basketball/player/_/id/5176213/mekhi-cooper
Reece Potter,MIAMI (OH),382,https://www.espn.com/mens-college-basketball/player/_/id/5176217/reece-potter
Luke Skaljac,MIAMI (OH),351,https://www.espn.com/mens-college-basketball/player/_/id/5101653/luke-skaljac
Dan Luers,MIAMI (OH),72,https://www.espn.com/mens-college-basketball/player/_/id/4707008/dan-luers
Eli Yofan,MIAMI (OH),16,https://www.espn.com/mens-college-basketball/player/_/id/5108031/eli-yofan
Jack Sauer,MIAMI (OH),8,https://www.espn.com/mens-college-basketball/player/_/id/5243052/jack-sauer
Jackson Kotecki,MIAMI (OH),96,https://www.espn.com/mens-college-basketball/player/_/id/5176215/jackson-kotecki
Ethan Wright,MIAMI (OH),4,https://www.espn.com/mens-college-basketball/player/_/id/5243054/ethan-wright
Blake Anderson,MIAMI (OH),9,https://www.espn.com/mens-college-basketball/player/_/id/5176216/blake-anderson
