Player Name,Team,Minutes Played,Player Link
Chase Hunter,CLEMSON,914,https://www.espn.com/mens-college-basketball/player/_/id/4592184/chase-hunter
Ian Schieffelin,CLEMSON,906,https://www.espn.com/mens-college-basketball/player/_/id/4693954/ian-schieffelin
Viktor Lakhin,CLEMSON,617,https://www.espn.com/mens-college-basketball/player/_/id/4701192/viktor-lakhin
Jaeden Zackery,CLEMSON,947,https://www.espn.com/mens-college-basketball/player/_/id/4896615/jaeden-zackery
Chauncey Wiggins,CLEMSON,665,https://www.espn.com/mens-college-basketball/player/_/id/5105448/chauncey-wiggins
Dillon Hunter,CLEMSON,575,https://www.espn.com/mens-college-basketball/player/_/id/5105445/dillon-hunter
Jake Heidbreder,CLEMSON,328,https://www.espn.com/mens-college-basketball/player/_/id/4903264/jake-heidbreder
Del Jones,CLEMSON,284,https://www.espn.com/mens-college-basketball/player/_/id/4873143/del-jones
Myles Foster,CLEMSON,146,https://www.espn.com/mens-college-basketball/player/_/id/4703425/myles-foster
Asa Thomas,CLEMSON,26,https://www.espn.com/mens-college-basketball/player/_/id/4895755/asa-thomas
Christian Reeves,CLEMSON,122,https://www.espn.com/mens-college-basketball/player/_/id/5105444/christian-reeves
Daniel Nauseef,CLEMSON,5,https://www.espn.com/mens-college-basketball/player/_/id/4911083/daniel-nauseef
Matt Kelly,CLEMSON,6,https://www.espn.com/mens-college-basketball/player/_/id/5105447/matt-kelly
Andrew Latiff,CLEMSON,6,https://www.espn.com/mens-college-basketball/player/_/id/5174556/andrew-latiff
Jackson Roberts,CLEMSON,4,https://www.espn.com/mens-college-basketball/player/_/id/5238162/jackson-roberts
