Player Name,Team,Minutes Played,Player Link
Jason Edwards,VANDERBILT,663,https://www.espn.com/mens-college-basketball/player/_/id/5175064/jason-edwards
Devin McGlockton,VANDERBILT,672,https://www.espn.com/mens-college-basketball/player/_/id/4791227/devin-mcglockton
AJ Hoggard,VANDERBILT,666,https://www.espn.com/mens-college-basketball/player/_/id/4432206/aj-hoggard
Tyler Nickel,VANDERBILT,634,https://www.espn.com/mens-college-basketball/player/_/id/4838721/tyler-nickel
Jaylen Carey,VANDERBILT,548,https://www.espn.com/mens-college-basketball/player/_/id/4685687/jaylen-carey
MJ Collins Jr.,VANDERBILT,574,https://www.espn.com/mens-college-basketball/player/_/id/5105401/mj-collins-jr
Tyler Tanner,VANDERBILT,558,https://www.espn.com/mens-college-basketball/player/_/id/5187600/tyler-tanner
Chris Manon,VANDERBILT,454,https://www.espn.com/mens-college-basketball/player/_/id/4702972/chris-manon
Grant Huffman,VANDERBILT,477,https://www.espn.com/mens-college-basketball/player/_/id/4432522/grant-huffman
JaQualon Roberts,VANDERBILT,63,https://www.espn.com/mens-college-basketball/player/_/id/4848644/jaqualon-roberts
Jordan Williams,VANDERBILT,36,https://www.espn.com/mens-college-basketball/player/_/id/5105561/jordan-williams
Miles Keeffe,VANDERBILT,16,https://www.espn.com/mens-college-basketball/player/_/id/5105281/miles-keeffe
Graham Calton,VANDERBILT,13,https://www.espn.com/mens-college-basketball/player/_/id/4896466/graham-calton
Hollman Smith,VANDERBILT,9,https://www.espn.com/mens-college-basketball/player/_/id/4702769/hollman-smith
Coleson Messer,VANDERBILT,17,https://www.espn.com/mens-college-basketball/player/_/id/5174287/coleson-messer
